cell5m,gdd
5185375,2383.0
5193996,2341.0
5194016,2386.0
5198314,2349.0
5198315,2349.0
5198335,2389.0
5202631,2344.0
5202632,2344.0
5202633,2344.0
5202634,2349.0
5206950,2344.0
5211269,2344.0
5215588,2344.0
5215589,2344.0
5219903,2342.0
5219904,2342.0
5219905,2342.0
5219906,2344.0
5219907,2344.0
5219908,2344.0
5224222,2345.0
5224254,2399.0
5228541,2345.0
5228575,2399.0
5232888,2384.0
5237172,2319.0
5237173,2319.0
5237178,2319.0
5237207,2384.0
5332261,2498.0
5332262,2498.0
5340901,2498.0
5345221,2498.0
5345222,2498.0
5345223,2498.0
5349540,2498.0
5366863,2390.0
5371103,2320.0
5371104,2320.0
5371188,2390.0
5375424,2320.0
5375425,2320.0
5375510,2321.0
5379744,2060.0
5379745,2060.0
5379833,2259.0
5384101,2494.0
5388421,2494.0
5388422,2494.0
5392721,2497.0
5392722,2497.0
5392723,2497.0
5392743,2494.0
5392794,2259.0
5397040,2501.0
5397058,2494.0
5397113,2259.0
5401360,2501.0
5401378,2494.0
5401433,2259.0
5405668,2337.0
5405669,2337.0
5405678,2448.0
5405679,2448.0
5405680,2448.0
5405698,2480.0
5405753,2308.0
5405754,2308.0
5409998,2448.0
5409999,2448.0
5410029,2438.0
5414310,2337.0
5414323,2444.0
5414324,2444.0
5414357,2415.0
5414358,2415.0
5414395,2308.0
5418632,2337.0
5418654,2460.0
5422952,2337.0
5422953,2337.0
5422974,2460.0
5423035,2308.0
5423036,2394.0
5427273,2337.0
5427305,2438.0
5427306,2438.0
5427356,2394.0
5431594,2361.0
5431625,2438.0
5435914,2361.0
5435915,2361.0
5435919,2361.0
5435920,2361.0
5435921,2423.0
5435946,2438.0
5440234,2361.0
5440254,2444.0
5440316,2492.0
5444555,2361.0
5444557,2361.0
5444561,2423.0
5444587,2438.0
5444591,2431.0
5444592,2431.0
5444593,2431.0
5444621,2471.0
5444622,2471.0
5444636,2492.0
5448875,2361.0
5448876,2361.0
5448901,2475.0
5448908,2438.0
5448909,2438.0
5448910,2438.0
5448911,2431.0
5448912,2431.0
5448913,2431.0
5448914,2431.0
5448915,2431.0
5448941,2471.0
5448942,2471.0
5448952,2481.0
5453221,2475.0
5453228,2438.0
5453231,2431.0
5453232,2431.0
5453233,2431.0
5453234,2431.0
5453235,2431.0
5453261,2471.0
5453262,2471.0
5453263,2471.0
5453264,2471.0
5453265,2471.0
5453267,2471.0
5453268,2471.0
5453269,2481.0
5453270,2481.0
5453272,2481.0
5453273,2481.0
5457550,2493.0
5457551,2459.0
5457553,2459.0
5457554,2459.0
5457555,2459.0
5457556,2459.0
5457581,2480.0
5457582,2480.0
5457583,2480.0
5457584,2480.0
5457585,2480.0
5457587,2480.0
5457588,2480.0
5457592,2556.0
5457594,2556.0
5461870,2493.0
5461873,2459.0
5461874,2459.0
5461875,2459.0
5461876,2459.0
5461877,2459.0
5461878,2459.0
5461900,2444.0
5461901,2480.0
5461902,2480.0
5461903,2480.0
5461907,2480.0
5461908,2480.0
5461910,2556.0
5461911,2556.0
5461913,2556.0
5461914,2556.0
5461915,2556.0
5466130,46.0
5466131,226.0
5466193,2459.0
5466194,2459.0
5466195,2459.0
5466196,2459.0
5466197,2459.0
5466198,2459.0
5466199,2469.0
5466221,2480.0
5466222,2480.0
5466223,2480.0
5466228,2480.0
5466229,2556.0
5466230,2556.0
5466232,2556.0
5466233,2556.0
5466234,2556.0
5466235,2556.0
5466236,2614.0
5470450,46.0
5470515,2459.0
5470516,2459.0
5470517,2459.0
5470518,2459.0
5470519,2469.0
5470520,2469.0
5470541,2480.0
5470542,2480.0
5470547,2480.0
5470548,2480.0
5470550,2556.0
5470553,2556.0
5470554,2556.0
5470555,2556.0
5474769,46.0
5474770,46.0
5474836,2459.0
5474837,2459.0
5474838,2459.0
5474839,2469.0
5474840,2469.0
5474841,2469.0
5474843,2469.0
5474860,2444.0
5474867,2480.0
5474868,2480.0
5474874,2556.0
5474876,2614.0
5479089,46.0
5479090,46.0
5479152,2459.0
5479158,2459.0
5479159,2469.0
5479160,2469.0
5479161,2469.0
5479162,2469.0
5479163,2469.0
5479177,2444.0
5479178,2444.0
5479179,2444.0
5479180,2444.0
5479181,2480.0
5479182,2480.0
5479183,2480.0
5479187,2480.0
5479188,2480.0
5479189,2556.0
5479190,2556.0
5479191,2556.0
5479192,2556.0
5479193,2556.0
5479194,2556.0
5479195,2556.0
5479196,2614.0
5483411,37.0
5483457,2543.0
5483478,2495.0
5483479,2494.0
5483480,2494.0
5483481,2494.0
5483482,2494.0
5483483,2494.0
5483484,2494.0
5483491,2358.0
5483498,2391.0
5483499,2391.0
5483500,2391.0
5483502,2464.0
5483503,2464.0
5483504,2464.0
5483507,2464.0
5483508,2464.0
5483509,2556.0
5483510,2556.0
5483511,2556.0
5483512,2556.0
5483513,2556.0
5483514,2556.0
5483515,2556.0
5487732,37.0
5487778,2543.0
5487779,2543.0
5487795,2495.0
5487796,2495.0
5487797,2495.0
5487799,2494.0
5487800,2494.0
5487801,2494.0
5487802,2494.0
5487803,2494.0
5487804,2494.0
5487816,2391.0
5487817,2391.0
5487818,2391.0
5487819,2391.0
5487820,2391.0
5487821,2464.0
5487822,2464.0
5487823,2464.0
5487824,2464.0
5487825,2464.0
5487826,2464.0
5487827,2464.0
5487828,2464.0
5487829,2556.0
5487830,2556.0
5487831,2556.0
5487832,2556.0
5487833,2556.0
5487834,2556.0
5487836,2597.0
5487837,2597.0
5492053,37.0
5492054,37.0
5492055,37.0
5492056,37.0
5492099,2543.0
5492100,2543.0
5492101,2543.0
5492111,2495.0
5492112,2495.0
5492116,2495.0
5492117,2495.0
5492118,2495.0
5492119,2494.0
5492120,2494.0
5492121,2494.0
5492122,2494.0
5492123,2494.0
5492124,2494.0
5492128,2358.0
5492129,2358.0
5492130,2358.0
5492131,2358.0
5492132,2358.0
5492134,2391.0
5492135,2391.0
5492136,2391.0
5492137,2391.0
5492139,2391.0
5492140,2391.0
5492141,2464.0
5492142,2464.0
5492143,2464.0
5492144,2464.0
5492145,2464.0
5492146,2464.0
5492147,2464.0
5492148,2464.0
5492149,2556.0
5492150,2556.0
5492151,2556.0
5492152,2556.0
5492153,2556.0
5492155,2556.0
5492156,2597.0
5492157,2597.0
5496373,37.0
5496374,37.0
5496375,37.0
5496376,37.0
5496377,37.0
5496420,2543.0
5496421,2543.0
5496429,2513.0
5496430,2513.0
5496431,2495.0
5496432,2495.0
5496433,2495.0
5496436,2495.0
5496438,2495.0
5496439,2494.0
5496440,2494.0
5496441,2494.0
5496442,2494.0
5496443,2494.0
5496444,2494.0
5496445,2494.0
5496447,2358.0
5496448,2358.0
5496449,2358.0
5496450,2358.0
5496451,2358.0
5496452,2358.0
5496454,2391.0
5496455,2391.0
5496456,2391.0
5496457,2391.0
5496458,2391.0
5496460,2391.0
5496461,2464.0
5496462,2464.0
5496463,2464.0
5496464,2464.0
5496465,2464.0
5496466,2464.0
5496467,2464.0
5496468,2464.0
5496469,2556.0
5496470,2556.0
5496471,2556.0
5496472,2556.0
5496473,2556.0
5496474,2556.0
5496475,2556.0
5496476,2597.0
5496477,2597.0
5500693,37.0
5500695,37.0
5500696,37.0
5500697,37.0
5500740,2543.0
5500748,2513.0
5500749,2513.0
5500750,2513.0
5500751,2495.0
5500752,2495.0
5500753,2495.0
5500754,2495.0
5500755,2495.0
5500757,2495.0
5500758,2495.0
5500759,2494.0
5500760,2494.0
5500761,2494.0
5500762,2494.0
5500763,2494.0
5500764,2494.0
5500765,2494.0
5500766,2358.0
5500767,2358.0
5500768,2358.0
5500769,2358.0
5500770,2358.0
5500771,2358.0
5500772,2358.0
5500773,2358.0
5500774,2391.0
5500775,2391.0
5500776,2391.0
5500777,2391.0
5500778,2391.0
5500779,2391.0
5500780,2391.0
5500781,2464.0
5500782,2464.0
5500783,2464.0
5500784,2464.0
5500785,2464.0
5500786,2464.0
5500787,2464.0
5500788,2464.0
5500789,2556.0
5500790,2556.0
5500791,2556.0
5500792,2556.0
5500793,2556.0
5500794,2556.0
5500795,2556.0
5500796,2597.0
5500797,2597.0
5505013,37.0
5505014,37.0
5505015,37.0
5505016,37.0
5505017,37.0
5505018,37.0
5505069,2513.0
5505070,2513.0
5505071,2495.0
5505072,2495.0
5505073,2495.0
5505074,2495.0
5505075,2495.0
5505076,2495.0
5505077,2495.0
5505078,2495.0
5505079,2494.0
5505080,2494.0
5505081,2494.0
5505082,2494.0
5505083,2494.0
5505084,2494.0
5505085,2494.0
5505086,2358.0
5505087,2358.0
5505088,2358.0
5505089,2358.0
5505090,2358.0
5505091,2358.0
5505092,2358.0
5505093,2358.0
5505094,2391.0
5505095,2391.0
5505096,2391.0
5505097,2391.0
5505098,2391.0
5505099,2391.0
5505100,2391.0
5505101,2464.0
5505102,2464.0
5505103,2464.0
5505104,2464.0
5505105,2464.0
5505106,2464.0
5505107,2464.0
5505108,2464.0
5505109,2556.0
5505110,2556.0
5505111,2556.0
5505112,2556.0
5505113,2556.0
5505114,2556.0
5505115,2556.0
5505116,2597.0
5505117,2597.0
5509336,64.0
5509337,64.0
5509338,64.0
5509390,2532.0
5509391,2531.0
5509392,2531.0
5509393,2531.0
5509394,2531.0
5509395,2531.0
5509396,2531.0
5509397,2531.0
5509398,2531.0
5509399,2547.0
5509400,2547.0
5509401,2547.0
5509402,2547.0
5509403,2547.0
5509404,2547.0
5509405,2547.0
5509406,2434.0
5509407,2434.0
5509408,2434.0
5509409,2434.0
5509410,2434.0
5509411,2434.0
5509412,2434.0
5509413,2434.0
5509414,2421.0
5509415,2421.0
5509416,2421.0
5509417,2421.0
5509418,2421.0
5509419,2421.0
5509420,2421.0
5509421,2459.0
5509422,2459.0
5509423,2459.0
5509424,2459.0
5509425,2459.0
5509426,2459.0
5509427,2459.0
5509428,2459.0
5509429,2515.0
5509430,2515.0
5509431,2515.0
5509432,2515.0
5509433,2515.0
5509434,2515.0
5509435,2515.0
5509436,2585.0
5509437,2585.0
5509438,2585.0
5509439,2585.0
5509440,2585.0
5509441,2585.0
5509442,2585.0
5509443,2585.0
5509444,2670.0
5509445,2670.0
5509446,2670.0
5509447,2670.0
5509448,2670.0
5509449,2670.0
5509459,2681.0
5513655,64.0
5513656,64.0
5513657,64.0
5513658,64.0
5513659,53.0
5513711,2531.0
5513712,2531.0
5513713,2531.0
5513714,2531.0
5513715,2531.0
5513716,2531.0
5513717,2531.0
5513718,2531.0
5513719,2547.0
5513720,2547.0
5513721,2547.0
5513722,2547.0
5513723,2547.0
5513724,2547.0
5513725,2547.0
5513726,2434.0
5513727,2434.0
5513728,2434.0
5513729,2434.0
5513730,2434.0
5513731,2434.0
5513732,2434.0
5513733,2434.0
5513734,2421.0
5513735,2421.0
5513736,2421.0
5513737,2421.0
5513738,2421.0
5513739,2421.0
5513740,2421.0
5513741,2459.0
5513742,2459.0
5513744,2459.0
5513745,2459.0
5513746,2459.0
5513747,2459.0
5513748,2459.0
5513749,2515.0
5513750,2515.0
5513751,2515.0
5513752,2515.0
5513753,2515.0
5513754,2515.0
5513755,2515.0
5513756,2585.0
5513757,2585.0
5513758,2585.0
5513760,2585.0
5513761,2585.0
5513762,2585.0
5513763,2585.0
5513764,2670.0
5513765,2670.0
5513766,2670.0
5513767,2670.0
5513768,2670.0
5513769,2670.0
5513772,2691.0
5513773,2691.0
5513774,2691.0
5513775,2691.0
5513776,2691.0
5513777,2691.0
5513778,2691.0
5513779,2681.0
5517972,64.0
5517973,64.0
5517974,64.0
5517975,64.0
5517976,64.0
5517977,64.0
5517978,64.0
5517979,53.0
5517980,53.0
5518030,2532.0
5518031,2531.0
5518032,2531.0
5518033,2531.0
5518034,2531.0
5518035,2531.0
5518036,2531.0
5518037,2531.0
5518038,2531.0
5518039,2547.0
5518040,2547.0
5518041,2547.0
5518042,2547.0
5518043,2547.0
5518044,2547.0
5518045,2547.0
5518046,2434.0
5518047,2434.0
5518048,2434.0
5518049,2434.0
5518050,2434.0
5518051,2434.0
5518052,2434.0
5518057,2421.0
5518058,2421.0
5518059,2421.0
5518064,2459.0
5518065,2459.0
5518066,2459.0
5518067,2459.0
5518068,2459.0
5518069,2515.0
5518070,2515.0
5518071,2515.0
5518072,2515.0
5518073,2515.0
5518084,2670.0
5518085,2670.0
5518088,2670.0
5518089,2670.0
5518091,2691.0
5518092,2691.0
5518096,2691.0
5518098,2691.0
5518099,2681.0
5522292,64.0
5522293,64.0
5522294,64.0
5522295,64.0
5522296,64.0
5522297,64.0
5522298,64.0
5522299,53.0
5522300,53.0
5522301,53.0
5522302,53.0
5522330,2433.0
5522331,2433.0
5522350,2532.0
5522351,2531.0
5522352,2531.0
5522353,2531.0
5522354,2531.0
5522355,2531.0
5522356,2531.0
5522357,2531.0
5522358,2531.0
5522359,2547.0
5522360,2547.0
5522361,2547.0
5522362,2547.0
5522363,2547.0
5522364,2547.0
5522365,2547.0
5522366,2434.0
5522367,2434.0
5522368,2434.0
5522369,2434.0
5522370,2434.0
5522371,2434.0
5522372,2434.0
5522373,2434.0
5522374,2421.0
5522375,2421.0
5522384,2459.0
5522385,2459.0
5522386,2459.0
5522387,2459.0
5522388,2459.0
5522389,2515.0
5522390,2515.0
5522391,2515.0
5522392,2515.0
5522393,2515.0
5522401,2585.0
5522402,2585.0
5522403,2585.0
5522404,2670.0
5522405,2670.0
5522409,2670.0
5522410,2670.0
5522414,2691.0
5522418,2691.0
5522419,2681.0
5526612,64.0
5526613,64.0
5526614,64.0
5526615,64.0
5526616,64.0
5526617,64.0
5526618,64.0
5526619,53.0
5526620,53.0
5526621,53.0
5526622,53.0
5526623,53.0
5526624,53.0
5526651,2433.0
5526652,2433.0
5526670,2532.0
5526671,2531.0
5526672,2531.0
5526673,2531.0
5526674,2531.0
5526675,2531.0
5526676,2531.0
5526677,2531.0
5526678,2531.0
5526679,2547.0
5526680,2547.0
5526681,2547.0
5526682,2547.0
5526683,2547.0
5526684,2547.0
5526685,2547.0
5526686,2434.0
5526687,2434.0
5526688,2434.0
5526689,2434.0
5526690,2434.0
5526691,2434.0
5526692,2434.0
5526693,2434.0
5526694,2421.0
5526695,2421.0
5526705,2459.0
5526706,2459.0
5526707,2459.0
5526708,2459.0
5526709,2515.0
5526710,2515.0
5526711,2515.0
5526712,2515.0
5526713,2515.0
5526714,2515.0
5526716,2585.0
5526717,2585.0
5526720,2585.0
5526721,2585.0
5526722,2585.0
5526723,2585.0
5526724,2670.0
5526729,2670.0
5526733,2691.0
5526734,2691.0
5530931,64.0
5530932,64.0
5530933,64.0
5530934,64.0
5530939,53.0
5530940,53.0
5530941,53.0
5530942,53.0
5530943,53.0
5530944,53.0
5530945,53.0
5530972,2433.0
5530973,2433.0
5530974,2433.0
5530975,2433.0
5530976,2595.0
5530981,2595.0
5530990,2532.0
5530991,2531.0
5530992,2531.0
5530993,2531.0
5530994,2531.0
5530995,2531.0
5530996,2531.0
5530997,2531.0
5530998,2531.0
5530999,2547.0
5531000,2547.0
5531001,2547.0
5531002,2547.0
5531003,2547.0
5531004,2547.0
5531005,2547.0
5531006,2434.0
5531007,2434.0
5531008,2434.0
5531009,2434.0
5531010,2434.0
5531011,2434.0
5531012,2434.0
5531013,2434.0
5531017,2421.0
5531024,2459.0
5531025,2459.0
5531026,2459.0
5531027,2459.0
5531028,2459.0
5531029,2515.0
5531030,2515.0
5531031,2515.0
5531032,2515.0
5531033,2515.0
5531034,2515.0
5531035,2515.0
5531036,2585.0
5531037,2585.0
5531038,2585.0
5531041,2585.0
5531042,2585.0
5531043,2585.0
5531044,2670.0
5531053,2691.0
5531054,2691.0
5535252,134.0
5535253,134.0
5535254,134.0
5535255,134.0
5535256,134.0
5535259,65.0
5535260,65.0
5535261,65.0
5535262,65.0
5535263,65.0
5535266,256.0
5535267,256.0
5535279,358.0
5535293,1734.0
5535294,1734.0
5535295,1734.0
5535296,2449.0
5535298,2449.0
5535299,2449.0
5535300,2449.0
5535309,2562.0
5535310,2562.0
5535311,2550.0
5535312,2550.0
5535313,2550.0
5535314,2550.0
5535315,2550.0
5535316,2550.0
5535317,2550.0
5535318,2550.0
5535319,2553.0
5535320,2553.0
5535321,2553.0
5535322,2553.0
5535323,2553.0
5535324,2553.0
5535325,2553.0
5535326,2539.0
5535327,2539.0
5535328,2539.0
5535329,2539.0
5535330,2539.0
5535331,2539.0
5535332,2539.0
5535333,2539.0
5535337,2554.0
5535338,2554.0
5535343,2544.0
5535344,2544.0
5535345,2544.0
5535346,2544.0
5535347,2544.0
5535348,2544.0
5535349,2583.0
5535350,2583.0
5535351,2583.0
5535352,2583.0
5535353,2583.0
5535354,2583.0
5535355,2583.0
5535356,2572.0
5535357,2572.0
5535374,2717.0
5535375,2717.0
5539574,134.0
5539575,134.0
5539580,65.0
5539581,65.0
5539582,65.0
5539587,256.0
5539589,256.0
5539597,358.0
5539599,358.0
5539600,358.0
5539613,1734.0
5539614,1734.0
5539615,1734.0
5539616,2449.0
5539617,2449.0
5539618,2449.0
5539619,2449.0
5539620,2449.0
5539621,2449.0
5539622,2449.0
5539628,2562.0
5539629,2562.0
5539630,2562.0
5539631,2550.0
5539632,2550.0
5539633,2550.0
5539634,2550.0
5539635,2550.0
5539636,2550.0
5539637,2550.0
5539638,2550.0
5539639,2553.0
5539640,2553.0
5539641,2553.0
5539642,2553.0
5539643,2553.0
5539644,2553.0
5539645,2553.0
5539646,2539.0
5539647,2539.0
5539648,2539.0
5539649,2539.0
5539650,2539.0
5539651,2539.0
5539652,2539.0
5539653,2539.0
5539654,2554.0
5539657,2554.0
5539658,2554.0
5539662,2544.0
5539663,2544.0
5539664,2544.0
5539665,2544.0
5539666,2544.0
5539667,2544.0
5539668,2544.0
5539669,2583.0
5539670,2583.0
5539671,2583.0
5539672,2583.0
5539673,2583.0
5539674,2583.0
5539675,2583.0
5543900,65.0
5543901,65.0
5543902,65.0
5543903,65.0
5543907,256.0
5543916,358.0
5543918,358.0
5543919,358.0
5543920,358.0
5543923,289.0
5543934,1734.0
5543935,1734.0
5543936,2449.0
5543937,2449.0
5543938,2449.0
5543939,2449.0
5543940,2449.0
5543941,2449.0
5543942,2449.0
5543947,2562.0
5543948,2562.0
5543949,2562.0
5543950,2562.0
5543951,2550.0
5543952,2550.0
5543953,2550.0
5543954,2550.0
5543955,2550.0
5543956,2550.0
5543957,2550.0
5543958,2550.0
5543959,2553.0
5543960,2553.0
5543961,2553.0
5543962,2553.0
5543963,2553.0
5543964,2553.0
5543965,2553.0
5543966,2539.0
5543967,2539.0
5543968,2539.0
5543969,2539.0
5543970,2539.0
5543971,2539.0
5543972,2539.0
5543973,2539.0
5543974,2554.0
5543975,2554.0
5543976,2554.0
5543982,2544.0
5543983,2544.0
5543988,2544.0
5543989,2583.0
5543990,2583.0
5543991,2583.0
5543992,2583.0
5543993,2583.0
5543994,2583.0
5548221,65.0
5548222,65.0
5548223,65.0
5548224,65.0
5548225,65.0
5548236,358.0
5548238,358.0
5548239,358.0
5548243,289.0
5548247,289.0
5548254,1734.0
5548257,2449.0
5548259,2449.0
5548260,2449.0
5548261,2449.0
5548262,2449.0
5548263,2449.0
5548264,2562.0
5548266,2562.0
5548267,2562.0
5548268,2562.0
5548269,2562.0
5548270,2562.0
5548271,2550.0
5548272,2550.0
5548273,2550.0
5548274,2550.0
5548275,2550.0
5548276,2550.0
5548277,2550.0
5548278,2550.0
5548279,2553.0
5548280,2553.0
5548281,2553.0
5548282,2553.0
5548283,2553.0
5548284,2553.0
5548285,2553.0
5548286,2539.0
5548287,2539.0
5548288,2539.0
5548289,2539.0
5548290,2539.0
5548291,2539.0
5548292,2539.0
5548293,2539.0
5548294,2554.0
5548295,2554.0
5548296,2554.0
5548297,2554.0
5548298,2554.0
5548301,2544.0
5548302,2544.0
5548309,2583.0
5548310,2583.0
5548311,2583.0
5548312,2583.0
5548313,2583.0
5552532,134.0
5552541,65.0
5552542,65.0
5552543,65.0
5552544,65.0
5552545,65.0
5552546,256.0
5552558,358.0
5552559,358.0
5552560,358.0
5552564,289.0
5552565,289.0
5552566,289.0
5552567,289.0
5552568,289.0
5552579,2449.0
5552580,2449.0
5552581,2449.0
5552582,2449.0
5552583,2449.0
5552584,2562.0
5552585,2562.0
5552586,2562.0
5552587,2562.0
5552588,2562.0
5552589,2562.0
5552590,2562.0
5552591,2550.0
5552592,2550.0
5552593,2550.0
5552594,2550.0
5552595,2550.0
5552596,2550.0
5552597,2550.0
5552598,2550.0
5552599,2553.0
5552600,2553.0
5552601,2553.0
5552602,2553.0
5552603,2553.0
5552604,2553.0
5552605,2553.0
5552606,2539.0
5552607,2539.0
5552608,2539.0
5552609,2539.0
5552610,2539.0
5552611,2539.0
5552612,2539.0
5552613,2539.0
5552614,2554.0
5552615,2554.0
5552616,2554.0
5552617,2554.0
5552618,2554.0
5552619,2554.0
5552620,2554.0
5552622,2544.0
5552630,2583.0
5552631,2583.0
5552632,2583.0
5552633,2583.0
5552634,2583.0
5556861,65.0
5556862,65.0
5556863,65.0
5556864,65.0
5556865,65.0
5556866,256.0
5556877,358.0
5556878,358.0
5556879,358.0
5556880,358.0
5556881,289.0
5556884,289.0
5556886,289.0
5556887,289.0
5556888,289.0
5556889,1734.0
5556893,1734.0
5556900,2449.0
5556901,2449.0
5556902,2449.0
5556903,2449.0
5556904,2562.0
5556905,2562.0
5556906,2562.0
5556907,2562.0
5556908,2562.0
5556909,2562.0
5556910,2562.0
5556911,2550.0
5556912,2550.0
5556913,2550.0
5556914,2550.0
5556915,2550.0
5556916,2550.0
5556917,2550.0
5556918,2550.0
5556919,2553.0
5556920,2553.0
5556921,2553.0
5556922,2553.0
5556923,2553.0
5556924,2553.0
5556925,2553.0
5556926,2539.0
5556927,2539.0
5556928,2539.0
5556929,2539.0
5556930,2539.0
5556931,2539.0
5556932,2539.0
5556933,2539.0
5556934,2554.0
5556935,2554.0
5556936,2554.0
5556937,2554.0
5556938,2554.0
5556939,2554.0
5556940,2554.0
5556941,2544.0
5556942,2544.0
5556949,2583.0
5556950,2583.0
5556951,2583.0
5556952,2583.0
5556953,2583.0
5556954,2583.0
5556959,2572.0
5561182,203.0
5561183,203.0
5561184,203.0
5561185,203.0
5561186,143.0
5561187,143.0
5561188,143.0
5561197,225.0
5561198,225.0
5561199,225.0
5561200,225.0
5561201,795.0
5561203,795.0
5561205,795.0
5561208,795.0
5561209,509.0
5561210,509.0
5561211,509.0
5561221,1440.0
5561222,1440.0
5561223,1440.0
5561224,1904.0
5561225,1904.0
5561226,1904.0
5561227,1904.0
5561228,1904.0
5561229,1904.0
5561230,1904.0
5561231,2373.0
5561232,2373.0
5561233,2373.0
5561234,2373.0
5561235,2373.0
5561236,2373.0
5561237,2373.0
5561238,2373.0
5561239,2502.0
5561240,2502.0
5561241,2502.0
5561242,2502.0
5561243,2502.0
5561244,2502.0
5561245,2502.0
5561246,2561.0
5561247,2561.0
5561248,2561.0
5561249,2561.0
5561250,2561.0
5561251,2561.0
5561252,2561.0
5561253,2561.0
5561254,2609.0
5561255,2609.0
5561256,2609.0
5561257,2609.0
5561258,2609.0
5561259,2609.0
5561260,2609.0
5561261,2674.0
5561262,2674.0
5561263,2674.0
5561265,2674.0
5561266,2674.0
5561270,2634.0
5561271,2634.0
5561272,2634.0
5561273,2634.0
5561274,2634.0
5561275,2634.0
5561276,2571.0
5561277,2571.0
5565501,203.0
5565502,203.0
5565503,203.0
5565504,203.0
5565505,203.0
5565506,143.0
5565507,143.0
5565508,143.0
5565509,143.0
5565518,225.0
5565519,225.0
5565520,225.0
5565521,795.0
5565522,795.0
5565523,795.0
5565525,795.0
5565526,795.0
5565527,795.0
5565528,795.0
5565529,509.0
5565530,509.0
5565531,509.0
5565532,509.0
5565533,509.0
5565548,1904.0
5565549,1904.0
5565550,1904.0
5565551,2373.0
5565552,2373.0
5565553,2373.0
5565554,2373.0
5565555,2373.0
5565556,2373.0
5565557,2373.0
5565558,2373.0
5565559,2502.0
5565560,2502.0
5565561,2502.0
5565562,2502.0
5565563,2502.0
5565564,2502.0
5565565,2502.0
5565566,2561.0
5565567,2561.0
5565568,2561.0
5565569,2561.0
5565570,2561.0
5565571,2561.0
5565572,2561.0
5565573,2561.0
5565574,2609.0
5565575,2609.0
5565576,2609.0
5565577,2609.0
5565578,2609.0
5565579,2609.0
5565580,2609.0
5565581,2674.0
5565582,2674.0
5565583,2674.0
5565584,2674.0
5565585,2674.0
5565586,2674.0
5565587,2674.0
5565588,2674.0
5565589,2634.0
5565590,2634.0
5565591,2634.0
5565592,2634.0
5565593,2634.0
5565594,2634.0
5565595,2634.0
5565596,2571.0
5565597,2571.0
5565598,2571.0
5565599,2571.0
5569822,203.0
5569823,203.0
5569824,203.0
5569825,203.0
5569826,143.0
5569827,143.0
5569828,143.0
5569829,143.0
5569839,225.0
5569840,225.0
5569841,795.0
5569842,795.0
5569843,795.0
5569844,795.0
5569845,795.0
5569846,795.0
5569847,795.0
5569848,795.0
5569849,509.0
5569850,509.0
5569851,509.0
5569852,509.0
5569853,509.0
5569854,509.0
5569855,509.0
5569858,1440.0
5569871,2373.0
5569872,2373.0
5569873,2373.0
5569875,2373.0
5569876,2373.0
5569877,2373.0
5569878,2373.0
5569879,2502.0
5569880,2502.0
5569881,2502.0
5569882,2502.0
5569883,2502.0
5569884,2502.0
5569885,2502.0
5569886,2561.0
5569887,2561.0
5569888,2561.0
5569889,2561.0
5569890,2561.0
5569891,2561.0
5569892,2561.0
5569893,2561.0
5569894,2609.0
5569895,2609.0
5569896,2609.0
5569897,2609.0
5569898,2609.0
5569899,2609.0
5569900,2609.0
5569901,2674.0
5569902,2674.0
5569903,2674.0
5569904,2674.0
5569905,2674.0
5569906,2674.0
5569907,2674.0
5569908,2674.0
5569909,2634.0
5569910,2634.0
5569911,2634.0
5569912,2634.0
5569913,2634.0
5569914,2634.0
5569915,2634.0
5569916,2571.0
5569917,2571.0
5574144,203.0
5574145,203.0
5574146,143.0
5574150,143.0
5574158,225.0
5574160,225.0
5574161,795.0
5574162,795.0
5574163,795.0
5574164,795.0
5574165,795.0
5574166,795.0
5574167,795.0
5574168,795.0
5574169,509.0
5574170,509.0
5574171,509.0
5574172,509.0
5574174,509.0
5574175,509.0
5574176,1440.0
5574191,2373.0
5574192,2373.0
5574199,2502.0
5574200,2502.0
5574201,2502.0
5574202,2502.0
5574203,2502.0
5574204,2502.0
5574205,2502.0
5574206,2561.0
5574207,2561.0
5574208,2561.0
5574209,2561.0
5574210,2561.0
5574211,2561.0
5574212,2561.0
5574213,2561.0
5574214,2609.0
5574215,2609.0
5574216,2609.0
5574217,2609.0
5574218,2609.0
5574219,2609.0
5574220,2609.0
5574221,2674.0
5574222,2674.0
5574223,2674.0
5574224,2674.0
5574225,2674.0
5574226,2674.0
5574227,2674.0
5574228,2674.0
5574229,2634.0
5574230,2634.0
5574231,2634.0
5574232,2634.0
5574233,2634.0
5574234,2634.0
5574235,2634.0
5574236,2571.0
5578464,203.0
5578465,203.0
5578466,143.0
5578467,143.0
5578470,143.0
5578472,143.0
5578473,143.0
5578474,225.0
5578480,225.0
5578481,795.0
5578482,795.0
5578483,795.0
5578484,795.0
5578485,795.0
5578486,795.0
5578487,795.0
5578488,795.0
5578489,509.0
5578490,509.0
5578491,509.0
5578492,509.0
5578493,509.0
5578494,509.0
5578495,509.0
5578496,1440.0
5578497,1440.0
5578498,1440.0
5578499,1440.0
5578501,1440.0
5578516,2373.0
5578520,2502.0
5578521,2502.0
5578522,2502.0
5578523,2502.0
5578524,2502.0
5578525,2502.0
5578526,2561.0
5578527,2561.0
5578528,2561.0
5578529,2561.0
5578530,2561.0
5578531,2561.0
5578532,2561.0
5578533,2561.0
5578534,2609.0
5578535,2609.0
5578536,2609.0
5578537,2609.0
5578538,2609.0
5578539,2609.0
5578540,2609.0
5578541,2674.0
5578542,2674.0
5578543,2674.0
5578544,2674.0
5578545,2674.0
5578546,2674.0
5578547,2674.0
5578548,2674.0
5578549,2634.0
5578550,2634.0
5578551,2634.0
5578552,2634.0
5578553,2634.0
5578554,2634.0
5578555,2634.0
5578556,2571.0
5578557,2571.0
5578558,2571.0
5582784,203.0
5582785,203.0
5582786,143.0
5582790,143.0
5582793,143.0
5582794,225.0
5582795,225.0
5582801,795.0
5582803,795.0
5582804,795.0
5582805,795.0
5582807,795.0
5582808,795.0
5582809,509.0
5582810,509.0
5582811,509.0
5582812,509.0
5582813,509.0
5582814,509.0
5582815,509.0
5582816,1440.0
5582817,1440.0
5582818,1440.0
5582819,1440.0
5582820,1440.0
5582821,1440.0
5582822,1440.0
5582823,1440.0
5582839,2502.0
5582841,2502.0
5582842,2502.0
5582843,2502.0
5582844,2502.0
5582845,2502.0
5582846,2561.0
5582847,2561.0
5582848,2561.0
5582849,2561.0
5582850,2561.0
5582851,2561.0
5582852,2561.0
5582853,2561.0
5582854,2609.0
5582855,2609.0
5582856,2609.0
5582857,2609.0
5582858,2609.0
5582859,2609.0
5582860,2609.0
5582861,2674.0
5582862,2674.0
5582863,2674.0
5582864,2674.0
5582865,2674.0
5582866,2674.0
5582867,2674.0
5582868,2674.0
5582869,2634.0
5582870,2634.0
5582871,2634.0
5582872,2634.0
5582873,2634.0
5582874,2634.0
5582875,2634.0
5582876,2571.0
5582877,2571.0
5582878,2571.0
5582879,2571.0
5582880,2571.0
5582883,2571.0
5587105,174.0
5587106,281.0
5587107,281.0
5587114,142.0
5587115,142.0
5587116,142.0
5587121,481.0
5587123,481.0
5587124,481.0
5587126,481.0
5587127,481.0
5587128,481.0
5587129,931.0
5587130,931.0
5587131,931.0
5587132,931.0
5587133,931.0
5587134,931.0
5587135,931.0
5587136,1124.0
5587137,1124.0
5587138,1124.0
5587139,1124.0
5587140,1124.0
5587141,1124.0
5587142,1124.0
5587144,1463.0
5587161,2425.0
5587162,2425.0
5587163,2425.0
5587164,2425.0
5587165,2425.0
5587166,2572.0
5587167,2572.0
5587168,2572.0
5587169,2572.0
5587170,2572.0
5587171,2572.0
5587172,2572.0
5587173,2572.0
5587174,2618.0
5587175,2618.0
5587176,2618.0
5587177,2618.0
5587178,2618.0
5587179,2618.0
5587180,2618.0
5587181,2703.0
5587182,2703.0
5587183,2703.0
5587184,2703.0
5587185,2703.0
5587186,2703.0
5587187,2703.0
5587188,2703.0
5587189,2592.0
5587190,2592.0
5587191,2592.0
5587192,2592.0
5587193,2592.0
5587194,2592.0
5587195,2592.0
5587196,2607.0
5587197,2607.0
5587199,2607.0
5587200,2607.0
5587202,2607.0
5587203,2607.0
5587204,2611.0
5591426,281.0
5591427,281.0
5591430,281.0
5591434,142.0
5591435,142.0
5591440,142.0
5591441,481.0
5591443,481.0
5591444,481.0
5591445,481.0
5591446,481.0
5591447,481.0
5591448,481.0
5591449,931.0
5591450,931.0
5591451,931.0
5591452,931.0
5591453,931.0
5591454,931.0
5591455,931.0
5591456,1124.0
5591457,1124.0
5591458,1124.0
5591460,1124.0
5591461,1124.0
5591462,1124.0
5591463,1124.0
5591464,1463.0
5591465,1463.0
5591466,1463.0
5591468,1463.0
5591469,1463.0
5591480,2425.0
5591481,2425.0
5591482,2425.0
5591483,2425.0
5591484,2425.0
5591485,2425.0
5591486,2572.0
5591487,2572.0
5591488,2572.0
5591489,2572.0
5591490,2572.0
5591491,2572.0
5591492,2572.0
5591493,2572.0
5591494,2618.0
5591495,2618.0
5591496,2618.0
5591497,2618.0
5591498,2618.0
5591499,2618.0
5591500,2618.0
5591501,2703.0
5591502,2703.0
5591503,2703.0
5591504,2703.0
5591505,2703.0
5591506,2703.0
5591507,2703.0
5591508,2703.0
5591509,2592.0
5591510,2592.0
5591511,2592.0
5591512,2592.0
5591513,2592.0
5591514,2592.0
5591515,2592.0
5591516,2607.0
5591517,2607.0
5591520,2607.0
5591523,2607.0
5591524,2611.0
5595747,281.0
5595750,281.0
5595751,281.0
5595755,142.0
5595760,142.0
5595761,481.0
5595762,481.0
5595763,481.0
5595764,481.0
5595765,481.0
5595766,481.0
5595767,481.0
5595768,481.0
5595769,931.0
5595770,931.0
5595771,931.0
5595772,931.0
5595773,931.0
5595774,931.0
5595775,931.0
5595776,1124.0
5595778,1124.0
5595780,1124.0
5595781,1124.0
5595783,1124.0
5595784,1463.0
5595785,1463.0
5595786,1463.0
5595787,1463.0
5595788,1463.0
5595789,1463.0
5595790,1463.0
5595791,1786.0
5595801,2425.0
5595802,2425.0
5595803,2425.0
5595804,2425.0
5595805,2425.0
5595806,2572.0
5595807,2572.0
5595808,2572.0
5595809,2572.0
5595810,2572.0
5595811,2572.0
5595812,2572.0
5595813,2572.0
5595814,2618.0
5595815,2618.0
5595816,2618.0
5595817,2618.0
5595818,2618.0
5595819,2618.0
5595820,2618.0
5595821,2703.0
5595827,2703.0
5595828,2703.0
5595830,2592.0
5595831,2592.0
5595832,2592.0
5595834,2592.0
5595835,2592.0
5595836,2607.0
5595837,2607.0
5595838,2607.0
5595839,2607.0
5595840,2607.0
5595842,2607.0
5600070,281.0
5600081,481.0
5600082,481.0
5600083,481.0
5600084,481.0
5600085,481.0
5600086,481.0
5600087,481.0
5600088,481.0
5600089,931.0
5600090,931.0
5600091,931.0
5600093,931.0
5600094,931.0
5600095,931.0
5600096,1124.0
5600097,1124.0
5600098,1124.0
5600100,1124.0
5600101,1124.0
5600103,1124.0
5600104,1463.0
5600105,1463.0
5600106,1463.0
5600107,1463.0
5600108,1463.0
5600109,1463.0
5600110,1463.0
5600111,1786.0
5600112,1786.0
5600118,1786.0
5600119,2425.0
5600120,2425.0
5600121,2425.0
5600122,2425.0
5600123,2425.0
5600124,2425.0
5600125,2425.0
5600126,2572.0
5600127,2572.0
5600128,2572.0
5600129,2572.0
5600130,2572.0
5600131,2572.0
5600132,2572.0
5600133,2572.0
5600134,2618.0
5600135,2618.0
5600136,2618.0
5600137,2618.0
5600138,2618.0
5600139,2618.0
5600140,2618.0
5600148,2703.0
5600149,2592.0
5600150,2592.0
5600155,2592.0
5600156,2607.0
5600161,2607.0
5600162,2607.0
5600163,2607.0
5600164,2611.0
5604392,281.0
5604401,481.0
5604402,481.0
5604403,481.0
5604404,481.0
5604405,481.0
5604406,481.0
5604407,481.0
5604408,481.0
5604413,931.0
5604414,931.0
5604415,931.0
5604416,1124.0
5604417,1124.0
5604418,1124.0
5604420,1124.0
5604421,1124.0
5604422,1124.0
5604424,1463.0
5604425,1463.0
5604426,1463.0
5604428,1463.0
5604429,1463.0
5604430,1463.0
5604431,1786.0
5604432,1786.0
5604433,1786.0
5604437,1786.0
5604438,1786.0
5604439,2425.0
5604440,2425.0
5604441,2425.0
5604442,2425.0
5604443,2425.0
5604444,2425.0
5604445,2425.0
5604446,2572.0
5604447,2572.0
5604448,2572.0
5604449,2572.0
5604450,2572.0
5604451,2572.0
5604452,2572.0
5604453,2572.0
5604454,2618.0
5604455,2618.0
5604456,2618.0
5604457,2618.0
5604458,2618.0
5604459,2618.0
5604460,2618.0
5604469,2592.0
5604470,2592.0
5604474,2592.0
5604475,2592.0
5604481,2607.0
5604482,2607.0
5604483,2607.0
5604484,2611.0
5604485,2611.0
5604487,2611.0
5604489,2611.0
5604490,2611.0
5604498,2621.0
5604499,2669.0
5604500,2669.0
5604501,2669.0
5604502,2669.0
5604503,2669.0
5608712,281.0
5608720,142.0
5608721,481.0
5608722,481.0
5608723,481.0
5608724,481.0
5608725,481.0
5608726,481.0
5608727,481.0
5608728,481.0
5608729,931.0
5608730,931.0
5608733,931.0
5608734,931.0
5608735,931.0
5608736,1124.0
5608737,1124.0
5608738,1124.0
5608739,1124.0
5608740,1124.0
5608741,1124.0
5608744,1463.0
5608750,1463.0
5608751,1786.0
5608752,1786.0
5608753,1786.0
5608754,1786.0
5608757,1786.0
5608758,1786.0
5608759,2425.0
5608760,2425.0
5608761,2425.0
5608762,2425.0
5608763,2425.0
5608764,2425.0
5608765,2425.0
5608766,2572.0
5608767,2572.0
5608768,2572.0
5608769,2572.0
5608770,2572.0
5608771,2572.0
5608772,2572.0
5608773,2572.0
5608774,2618.0
5608775,2618.0
5608776,2618.0
5608777,2618.0
5608778,2618.0
5608799,2607.0
5608800,2607.0
5608806,2611.0
5608807,2611.0
5608812,2621.0
5608818,2621.0
5608819,2669.0
5608820,2669.0
5608822,2669.0
5613042,264.0
5613043,264.0
5613046,264.0
5613047,264.0
5613048,264.0
5613049,892.0
5613050,892.0
5613051,892.0
5613052,892.0
5613053,892.0
5613054,892.0
5613055,892.0
5613056,1355.0
5613057,1355.0
5613058,1355.0
5613059,1355.0
5613060,1355.0
5613061,1355.0
5613062,1355.0
5613063,1355.0
5613064,1576.0
5613068,1576.0
5613069,1576.0
5613070,1576.0
5613071,1776.0
5613072,1776.0
5613073,1776.0
5613074,1776.0
5613077,1776.0
5613078,1776.0
5613079,2505.0
5613080,2505.0
5613081,2505.0
5613082,2505.0
5613083,2505.0
5613084,2505.0
5613085,2505.0
5613086,2596.0
5613087,2596.0
5613088,2596.0
5613089,2596.0
5613090,2596.0
5613091,2596.0
5613092,2596.0
5613093,2596.0
5613094,2619.0
5613095,2619.0
5613096,2619.0
5613097,2619.0
5613098,2619.0
5613116,2632.0
5613117,2632.0
5613119,2632.0
5613120,2632.0
5613131,2670.0
5613132,2670.0
5613133,2670.0
5613139,2695.0
5613140,2695.0
5613141,2695.0
5617351,354.0
5617360,182.0
5617361,264.0
5617362,264.0
5617363,264.0
5617364,264.0
5617365,264.0
5617366,264.0
5617368,264.0
5617369,892.0
5617370,892.0
5617371,892.0
5617372,892.0
5617373,892.0
5617375,892.0
5617376,1355.0
5617377,1355.0
5617378,1355.0
5617379,1355.0
5617380,1355.0
5617383,1355.0
5617384,1576.0
5617385,1576.0
5617387,1576.0
5617388,1576.0
5617389,1576.0
5617390,1576.0
5617391,1776.0
5617392,1776.0
5617397,1776.0
5617398,1776.0
5617399,2505.0
5617400,2505.0
5617401,2505.0
5617402,2505.0
5617403,2505.0
5617404,2505.0
5617405,2505.0
5617406,2596.0
5617407,2596.0
5617408,2596.0
5617409,2596.0
5617410,2596.0
5617411,2596.0
5617412,2596.0
5617413,2596.0
5617414,2619.0
5617416,2619.0
5617433,2626.0
5617437,2632.0
5617451,2670.0
5617452,2670.0
5617453,2670.0
5617454,2670.0
5617459,2695.0
5617460,2695.0
5617461,2695.0
5621681,264.0
5621682,264.0
5621683,264.0
5621684,264.0
5621685,264.0
5621686,264.0
5621687,264.0
5621688,264.0
5621689,892.0
5621690,892.0
5621692,892.0
5621693,892.0
5621694,892.0
5621695,892.0
5621696,1355.0
5621697,1355.0
5621698,1355.0
5621706,1576.0
5621709,1576.0
5621710,1576.0
5621711,1776.0
5621712,1776.0
5621717,1776.0
5621718,1776.0
5621719,2505.0
5621720,2505.0
5621721,2505.0
5621722,2505.0
5621723,2505.0
5621724,2505.0
5621725,2505.0
5621726,2596.0
5621727,2596.0
5621728,2596.0
5621729,2596.0
5621730,2596.0
5621731,2596.0
5621732,2596.0
5621733,2596.0
5621734,2619.0
5621735,2619.0
5621752,2626.0
5621753,2626.0
5621765,2717.0
5621766,2717.0
5621767,2717.0
5621771,2670.0
5621772,2670.0
5621773,2670.0
5621774,2670.0
5621778,2670.0
5621779,2695.0
5621780,2695.0
5621781,2695.0
5621783,2695.0
5626003,264.0
5626004,264.0
5626005,264.0
5626006,264.0
5626007,264.0
5626009,892.0
5626011,892.0
5626012,892.0
5626013,892.0
5626014,892.0
5626015,892.0
5626016,1355.0
5626017,1355.0
5626022,1355.0
5626028,1576.0
5626030,1576.0
5626031,1776.0
5626038,1776.0
5626039,2505.0
5626040,2505.0
5626041,2505.0
5626042,2505.0
5626043,2505.0
5626045,2505.0
5626046,2596.0
5626047,2596.0
5626048,2596.0
5626049,2596.0
5626050,2596.0
5626051,2596.0
5626052,2596.0
5626086,2717.0
5626087,2717.0
5626088,2717.0
5626089,2717.0
5626092,2670.0
5626093,2670.0
5626094,2670.0
5626096,2670.0
5626097,2670.0
5626098,2670.0
5626099,2695.0
5626100,2695.0
5626101,2695.0
5626102,2695.0
5626103,2695.0
5626104,2695.0
5630323,264.0
5630324,264.0
5630325,264.0
5630326,264.0
5630327,264.0
5630328,264.0
5630329,892.0
5630331,892.0
5630332,892.0
5630334,892.0
5630335,892.0
5630336,1355.0
5630337,1355.0
5630338,1355.0
5630341,1355.0
5630342,1355.0
5630343,1355.0
5630344,1576.0
5630358,1776.0
5630359,2505.0
5630360,2505.0
5630361,2505.0
5630362,2505.0
5630363,2505.0
5630365,2505.0
5630366,2596.0
5630367,2596.0
5630368,2596.0
5630407,2717.0
5630408,2717.0
5630409,2717.0
5630412,2670.0
5630413,2670.0
5630414,2670.0
5630415,2670.0
5630416,2670.0
5630417,2670.0
5630418,2670.0
5630419,2695.0
5630420,2695.0
5630421,2695.0
5630422,2695.0
5630423,2695.0
5630424,2695.0
5630425,2695.0
5630426,2790.0
5630427,2790.0
5634644,264.0
5634645,264.0
5634646,264.0
5634649,892.0
5634650,892.0
5634651,892.0
5634652,892.0
5634653,892.0
5634654,892.0
5634655,892.0
5634656,1355.0
5634657,1355.0
5634658,1355.0
5634659,1355.0
5634660,1355.0
5634661,1355.0
5634662,1355.0
5634663,1355.0
5634664,1576.0
5634666,1576.0
5634667,1576.0
5634676,1776.0
5634677,1776.0
5634678,1776.0
5634679,2505.0
5634680,2505.0
5634681,2505.0
5634682,2505.0
5634683,2505.0
5634684,2505.0
5634685,2505.0
5634686,2596.0
5634687,2596.0
5634732,2670.0
5634733,2670.0
5634734,2670.0
5634735,2670.0
5634736,2670.0
5634737,2670.0
5634738,2670.0
5634739,2695.0
5634740,2695.0
5634741,2695.0
5634742,2695.0
5634743,2695.0
5634744,2695.0
5634745,2695.0
5634746,2790.0
5638958,223.0
5638959,223.0
5638964,64.0
5638965,64.0
5638966,64.0
5638967,64.0
5638968,64.0
5638969,440.0
5638970,440.0
5638971,440.0
5638972,440.0
5638973,440.0
5638974,440.0
5638975,440.0
5638976,962.0
5638977,962.0
5638978,962.0
5638979,962.0
5638980,962.0
5638981,962.0
5638982,962.0
5638983,962.0
5638984,1354.0
5638985,1354.0
5638986,1354.0
5638987,1354.0
5638988,1354.0
5638996,2105.0
5638997,2105.0
5638998,2105.0
5638999,2513.0
5639000,2513.0
5639001,2513.0
5639002,2513.0
5639003,2513.0
5639004,2513.0
5639054,2769.0
5639055,2769.0
5639056,2769.0
5639057,2769.0
5639058,2769.0
5639059,2803.0
5639060,2803.0
5639061,2803.0
5639062,2803.0
5639063,2803.0
5643277,223.0
5643278,223.0
5643279,223.0
5643284,64.0
5643285,64.0
5643286,64.0
5643287,64.0
5643288,64.0
5643289,440.0
5643290,440.0
5643291,440.0
5643292,440.0
5643293,440.0
5643294,440.0
5643295,440.0
5643296,962.0
5643297,962.0
5643298,962.0
5643299,962.0
5643300,962.0
5643301,962.0
5643302,962.0
5643303,962.0
5643304,1354.0
5643305,1354.0
5643306,1354.0
5643307,1354.0
5643308,1354.0
5643314,2105.0
5643315,2105.0
5643317,2105.0
5643318,2105.0
5643319,2513.0
5643320,2513.0
5643321,2513.0
5643322,2513.0
5643323,2513.0
5643324,2513.0
5643326,2618.0
5643327,2618.0
5643376,2769.0
5643377,2769.0
5643378,2769.0
5643379,2803.0
5643380,2803.0
5643381,2803.0
5643382,2803.0
5643383,2803.0
5643384,2803.0
5643385,2803.0
5647589,382.0
5647593,382.0
5647605,64.0
5647606,64.0
5647607,64.0
5647608,64.0
5647609,440.0
5647610,440.0
5647611,440.0
5647612,440.0
5647613,440.0
5647614,440.0
5647615,440.0
5647616,962.0
5647617,962.0
5647618,962.0
5647619,962.0
5647620,962.0
5647621,962.0
5647622,962.0
5647623,962.0
5647624,1354.0
5647625,1354.0
5647626,1354.0
5647627,1354.0
5647628,1354.0
5647629,1354.0
5647634,2105.0
5647635,2105.0
5647637,2105.0
5647638,2105.0
5647639,2513.0
5647640,2513.0
5647641,2513.0
5647642,2513.0
5647649,2618.0
5647697,2769.0
5647698,2769.0
5647699,2803.0
5647700,2803.0
5647701,2803.0
5647702,2803.0
5647703,2803.0
5647704,2803.0
5647705,2803.0
5647706,2813.0
5651913,382.0
5651928,64.0
5651931,440.0
5651932,440.0
5651933,440.0
5651934,440.0
5651935,440.0
5651936,962.0
5651937,962.0
5651938,962.0
5651939,962.0
5651940,962.0
5651941,962.0
5651942,962.0
5651943,962.0
5651944,1354.0
5651945,1354.0
5651946,1354.0
5651947,1354.0
5651948,1354.0
5651950,1354.0
5651954,2105.0
5651955,2105.0
5651957,2105.0
5651958,2105.0
5651959,2513.0
5651960,2513.0
5651961,2513.0
5651962,2513.0
5651970,2618.0
5652021,2803.0
5652022,2803.0
5652023,2803.0
5652024,2803.0
5652025,2803.0
5652026,2813.0
5656229,382.0
5656230,382.0
5656231,382.0
5656233,382.0
5656238,223.0
5656248,64.0
5656249,440.0
5656250,440.0
5656251,440.0
5656252,440.0
5656253,440.0
5656254,440.0
5656255,440.0
5656256,962.0
5656257,962.0
5656258,962.0
5656259,962.0
5656260,962.0
5656261,962.0
5656262,962.0
5656263,962.0
5656264,1354.0
5656265,1354.0
5656266,1354.0
5656267,1354.0
5656268,1354.0
5656269,1354.0
5656276,2105.0
5656277,2105.0
5656278,2105.0
5656279,2513.0
5656280,2513.0
5656281,2513.0
5656282,2513.0
5656287,2618.0
5656288,2618.0
5656306,2646.0
5656343,2803.0
5656344,2803.0
5656345,2803.0
5660549,382.0
5660550,382.0
5660551,382.0
5660568,64.0
5660569,440.0
5660570,440.0
5660571,440.0
5660572,440.0
5660573,440.0
5660574,440.0
5660575,440.0
5660576,962.0
5660577,962.0
5660578,962.0
5660579,962.0
5660580,962.0
5660581,962.0
5660582,962.0
5660583,962.0
5660584,1354.0
5660585,1354.0
5660586,1354.0
5660587,1354.0
5660588,1354.0
5660589,1354.0
5660593,2105.0
5660597,2105.0
5660598,2105.0
5660600,2513.0
5660601,2513.0
5660602,2513.0
5660606,2618.0
5660607,2618.0
5660608,2618.0
5660663,2803.0
5660664,2803.0
5660665,2803.0
5664869,341.0
5664870,341.0
5664871,341.0
5664874,163.0
5664876,163.0
5664877,163.0
5664889,297.0
5664890,297.0
5664891,297.0
5664892,297.0
5664893,297.0
5664894,297.0
5664896,731.0
5664897,731.0
5664898,731.0
5664899,731.0
5664900,731.0
5664901,731.0
5664902,731.0
5664903,731.0
5664904,1110.0
5664905,1110.0
5664906,1110.0
5664907,1110.0
5664908,1110.0
5664909,1110.0
5664910,1110.0
5664913,2024.0
5664917,2024.0
5664918,2024.0
5664919,2343.0
5664920,2343.0
5664921,2343.0
5664922,2343.0
5664926,2587.0
5664927,2587.0
5664928,2587.0
5664957,2781.0
5664958,2781.0
5664959,2781.0
5664960,2781.0
5664971,2790.0
5664972,2790.0
5664983,2835.0
5664984,2835.0
5669194,163.0
5669195,163.0
5669196,163.0
5669197,163.0
5669208,21.0
5669209,297.0
5669210,297.0
5669211,297.0
5669212,297.0
5669213,297.0
5669214,297.0
5669215,297.0
5669216,731.0
5669217,731.0
5669218,731.0
5669219,731.0
5669220,731.0
5669221,731.0
5669222,731.0
5669223,731.0
5669224,1110.0
5669225,1110.0
5669226,1110.0
5669227,1110.0
5669228,1110.0
5669229,1110.0
5669230,1110.0
5669233,2024.0
5669235,2024.0
5669236,2024.0
5669237,2024.0
5669238,2024.0
5669239,2343.0
5669241,2343.0
5669242,2343.0
5669243,2343.0
5669244,2343.0
5669245,2343.0
5669246,2587.0
5669249,2587.0
5669276,2781.0
5669304,2835.0
5673513,341.0
5673515,163.0
5673516,163.0
5673529,297.0
5673530,297.0
5673531,297.0
5673532,297.0
5673533,297.0
5673534,297.0
5673535,297.0
5673536,731.0
5673537,731.0
5673539,731.0
5673540,731.0
5673542,731.0
5673543,731.0
5673544,1110.0
5673545,1110.0
5673546,1110.0
5673547,1110.0
5673548,1110.0
5673549,1110.0
5673552,2024.0
5673553,2024.0
5673554,2024.0
5673555,2024.0
5673556,2024.0
5673557,2024.0
5673558,2024.0
5673559,2343.0
5673561,2343.0
5673562,2343.0
5673563,2343.0
5673564,2343.0
5673565,2343.0
5673566,2587.0
5677819,369.0
5677849,297.0
5677851,297.0
5677852,297.0
5677853,297.0
5677854,297.0
5677855,297.0
5677858,731.0
5677859,731.0
5677860,731.0
5677862,731.0
5677863,731.0
5677864,1110.0
5677865,1110.0
5677866,1110.0
5677867,1110.0
5677868,1110.0
5677870,1110.0
5677872,2024.0
5677873,2024.0
5677874,2024.0
5677875,2024.0
5677876,2024.0
5677877,2024.0
5677878,2024.0
5677879,2343.0
5677881,2343.0
5677882,2343.0
5677883,2343.0
5677884,2343.0
5677885,2343.0
5677886,2587.0
5677887,2587.0
5677936,2790.0
5682154,163.0
5682169,297.0
5682170,297.0
5682171,297.0
5682172,297.0
5682173,297.0
5682178,731.0
5682179,731.0
5682180,731.0
5682182,731.0
5682183,731.0
5682184,1110.0
5682185,1110.0
5682186,1110.0
5682187,1110.0
5682188,1110.0
5682190,1110.0
5682191,2024.0
5682192,2024.0
5682193,2024.0
5682194,2024.0
5682195,2024.0
5682196,2024.0
5682197,2024.0
5682198,2024.0
5682199,2343.0
5682201,2343.0
5682202,2343.0
5682203,2343.0
5682204,2343.0
5682205,2343.0
5682206,2587.0
5682207,2587.0
5682208,2587.0
5686473,341.0
5686474,163.0
5686489,297.0
5686490,297.0
5686491,297.0
5686492,297.0
5686497,731.0
5686498,731.0
5686499,731.0
5686500,731.0
5686503,731.0
5686504,1110.0
5686505,1110.0
5686506,1110.0
5686507,1110.0
5686508,1110.0
5686509,1110.0
5686510,1110.0
5686511,2024.0
5686512,2024.0
5686513,2024.0
5686514,2024.0
5686515,2024.0
5686516,2024.0
5686517,2024.0
5686518,2024.0
5686521,2343.0
5686522,2343.0
5686523,2343.0
5686524,2343.0
5686525,2343.0
5686526,2587.0
5690809,447.0
5690812,447.0
5690813,447.0
5690814,447.0
5690815,447.0
5690816,593.0
5690817,593.0
5690818,593.0
5690821,593.0
5690822,593.0
5690823,593.0
5690824,1200.0
5690825,1200.0
5690826,1200.0
5690827,1200.0
5690828,1200.0
5690829,1200.0
5690830,1200.0
5690831,1986.0
5690832,1986.0
5690833,1986.0
5690834,1986.0
5690835,1986.0
5690836,1986.0
5690837,1986.0
5690838,1986.0
5690841,2347.0
5690842,2347.0
5690843,2347.0
5690844,2347.0
5690845,2347.0
5690846,2560.0
5690847,2560.0
5695107,246.0
5695108,246.0
5695131,447.0
5695132,447.0
5695133,447.0
5695134,447.0
5695135,447.0
5695136,593.0
5695137,593.0
5695138,593.0
5695141,593.0
5695142,593.0
5695144,1200.0
5695145,1200.0
5695146,1200.0
5695148,1200.0
5695149,1200.0
5695150,1200.0
5695151,1986.0
5695152,1986.0
5695153,1986.0
5695154,1986.0
5695155,1986.0
5695156,1986.0
5695157,1986.0
5695158,1986.0
5695161,2347.0
5695162,2347.0
5695163,2347.0
5695164,2347.0
5695165,2347.0
5695166,2560.0
5695167,2560.0
5699445,97.0
5699446,97.0
5699453,447.0
5699454,447.0
5699455,447.0
5699456,593.0
5699457,593.0
5699462,593.0
5699463,593.0
5699464,1200.0
5699465,1200.0
5699466,1200.0
5699467,1200.0
5699469,1200.0
5699470,1200.0
5699471,1986.0
5699472,1986.0
5699473,1986.0
5699474,1986.0
5699475,1986.0
5699476,1986.0
5699477,1986.0
5699478,1986.0
5699482,2347.0
5699483,2347.0
5699484,2347.0
5699485,2347.0
5699497,2645.0
5703765,97.0
5703766,97.0
5703773,447.0
5703774,447.0
5703775,447.0
5703776,593.0
5703777,593.0
5703778,593.0
5703781,593.0
5703783,593.0
5703784,1200.0
5703785,1200.0
5703786,1200.0
5703787,1200.0
5703790,1200.0
5703791,1986.0
5703792,1986.0
5703793,1986.0
5703794,1986.0
5703795,1986.0
5703796,1986.0
5703797,1986.0
5703798,1986.0
5703799,2347.0
5703802,2347.0
5703803,2347.0
5703804,2347.0
5708083,97.0
5708086,97.0
5708093,447.0
5708094,447.0
5708095,447.0
5708096,593.0
5708097,593.0
5708098,593.0
5708099,593.0
5708101,593.0
5708103,593.0
5708104,1200.0
5708105,1200.0
5708106,1200.0
5708107,1200.0
5708109,1200.0
5708110,1200.0
5708111,1986.0
5708112,1986.0
5708113,1986.0
5708114,1986.0
5708115,1986.0
5708116,1986.0
5708118,1986.0
5708119,2347.0
5708124,2347.0
5708125,2347.0
5712396,124.0
5712411,447.0
5712413,447.0
5712414,447.0
5712415,447.0
5712416,593.0
5712417,593.0
5712418,593.0
5712419,593.0
5712421,593.0
5712422,593.0
5712423,593.0
5712424,1200.0
5712425,1200.0
5712426,1200.0
5712427,1200.0
5712429,1200.0
5712430,1200.0
5712431,1986.0
5712432,1986.0
5712433,1986.0
5712434,1986.0
5712435,1986.0
5712438,1986.0
5712439,2347.0
5712444,2347.0
5712445,2347.0
5716722,252.0
5716725,252.0
5716731,695.0
5716733,695.0
5716734,695.0
5716735,695.0
5716736,700.0
5716738,700.0
5716739,700.0
5716741,700.0
5716742,700.0
5716743,700.0
5716744,1460.0
5716745,1460.0
5716746,1460.0
5716749,1460.0
5716750,1460.0
5716751,2022.0
5716752,2022.0
5716753,2022.0
5716754,2022.0
5716755,2022.0
5716758,2022.0
5716763,2326.0
5716764,2326.0
5716765,2326.0
5721041,252.0
5721042,252.0
5721051,695.0
5721052,695.0
5721053,695.0
5721054,695.0
5721055,695.0
5721056,700.0
5721058,700.0
5721059,700.0
5721061,700.0
5721062,700.0
5721063,700.0
5721064,1460.0
5721065,1460.0
5721066,1460.0
5721069,1460.0
5721070,1460.0
5721071,2022.0
5721072,2022.0
5721073,2022.0
5721074,2022.0
5721075,2022.0
5721077,2022.0
5721078,2022.0
5721079,2326.0
5721083,2326.0
5721084,2326.0
5721089,2575.0
5725360,222.0
5725362,252.0
5725371,695.0
5725372,695.0
5725374,695.0
5725378,700.0
5725379,700.0
5725381,700.0
5725382,700.0
5725383,700.0
5725384,1460.0
5725385,1460.0
5725386,1460.0
5725387,1460.0
5725389,1460.0
5725390,1460.0
5725391,2022.0
5725392,2022.0
5725393,2022.0
5725394,2022.0
5725395,2022.0
5725397,2022.0
5725398,2022.0
5725399,2326.0
5725400,2326.0
5725401,2326.0
5725402,2326.0
5729680,222.0
5729681,252.0
5729682,252.0
5729692,695.0
5729693,695.0
5729694,695.0
5729697,700.0
5729698,700.0
5729701,700.0
5729702,700.0
5729703,700.0
5729704,1460.0
5729705,1460.0
5729706,1460.0
5729707,1460.0
5729708,1460.0
5729709,1460.0
5729710,1460.0
5729712,2022.0
5729713,2022.0
5729714,2022.0
5729715,2022.0
5729716,2022.0
5729717,2022.0
5729718,2022.0
5729719,2326.0
5729720,2326.0
5729721,2326.0
5729722,2326.0
5729723,2326.0
5729724,2326.0
5729725,2326.0
5729726,2575.0
5729727,2575.0
5729728,2575.0
5729729,2575.0
5734000,222.0
5734001,252.0
5734002,252.0
5734011,695.0
5734012,695.0
5734017,700.0
5734020,700.0
5734021,700.0
5734022,700.0
5734023,700.0
5734024,1460.0
5734025,1460.0
5734026,1460.0
5734028,1460.0
5734029,1460.0
5734030,1460.0
5734031,2022.0
5734032,2022.0
5734033,2022.0
5734034,2022.0
5734035,2022.0
5734036,2022.0
5734037,2022.0
5734039,2326.0
5734040,2326.0
5734041,2326.0
5734042,2326.0
5734043,2326.0
5734044,2326.0
5734045,2326.0
5734046,2575.0
5734047,2575.0
5738320,222.0
5738321,252.0
5738322,252.0
5738323,252.0
5738329,695.0
5738330,695.0
5738331,695.0
5738332,695.0
5738334,695.0
5738335,695.0
5738337,700.0
5738339,700.0
5738340,700.0
5738341,700.0
5738342,700.0
5738343,700.0
5738344,1460.0
5738345,1460.0
5738348,1460.0
5738349,1460.0
5738350,1460.0
5738351,2022.0
5738352,2022.0
5738353,2022.0
5738354,2022.0
5738355,2022.0
5738356,2022.0
5738357,2022.0
5738358,2022.0
5738360,2326.0
5738361,2326.0
5738362,2326.0
5738363,2326.0
5738364,2326.0
5738365,2326.0
5738366,2575.0
5742641,154.0
5742642,154.0
5742650,572.0
5742653,572.0
5742657,792.0
5742659,792.0
5742660,792.0
5742661,792.0
5742662,792.0
5742663,792.0
5742664,1475.0
5742665,1475.0
5742668,1475.0
5742669,1475.0
5742670,1475.0
5742671,2320.0
5742672,2320.0
5742673,2320.0
5742674,2320.0
5742675,2320.0
5742676,2320.0
5742677,2320.0
5742679,2457.0
5742680,2457.0
5742681,2457.0
5742682,2457.0
5742683,2457.0
5742684,2457.0
5742685,2457.0
5746961,154.0
5746962,154.0
5746970,572.0
5746971,572.0
5746972,572.0
5746977,792.0
5746979,792.0
5746980,792.0
5746981,792.0
5746982,792.0
5746983,792.0
5746984,1475.0
5746985,1475.0
5746988,1475.0
5746989,1475.0
5746990,1475.0
5746991,2320.0
5746992,2320.0
5746993,2320.0
5746994,2320.0
5746995,2320.0
5746996,2320.0
5746997,2320.0
5746998,2320.0
5746999,2457.0
5747000,2457.0
5747001,2457.0
5747002,2457.0
5747003,2457.0
5747004,2457.0
5747006,2620.0
5747007,2620.0
5747008,2620.0
5751291,572.0
5751292,572.0
5751297,792.0
5751301,792.0
5751302,792.0
5751304,1475.0
5751305,1475.0
5751306,1475.0
5751308,1475.0
5751309,1475.0
5751310,1475.0
5751311,2320.0
5751312,2320.0
5751313,2320.0
5751314,2320.0
5751315,2320.0
5751316,2320.0
5751317,2320.0
5751318,2320.0
5751319,2457.0
5751320,2457.0
5751321,2457.0
5751322,2457.0
5751323,2457.0
5751324,2457.0
5751326,2620.0
5751327,2620.0
5751328,2620.0
5755612,572.0
5755616,792.0
5755621,792.0
5755622,792.0
5755625,1475.0
5755626,1475.0
5755627,1475.0
5755628,1475.0
5755629,1475.0
5755630,1475.0
5755631,2320.0
5755639,2457.0
5755640,2457.0
5755647,2620.0
5759930,572.0
5759936,792.0
5759937,792.0
5759947,1475.0
5759948,1475.0
5759949,1475.0
5759950,1475.0
5759951,2320.0
5759958,2320.0
5759959,2457.0
5759960,2457.0
5759961,2457.0
5764250,572.0
5764256,792.0
5764257,792.0
5764269,1475.0
5764270,1475.0
5764271,2320.0
5764272,2320.0
5764278,2320.0
5764279,2457.0
5764280,2457.0
5764281,2457.0
5768570,591.0
5768577,699.0
5768582,699.0
5768583,699.0
5768585,1390.0
5768586,1390.0
5768589,1390.0
5768590,1390.0
5768591,2167.0
5768592,2167.0
5768598,2167.0
5768599,2533.0
5768600,2533.0
5768601,2533.0
5772890,591.0
5772891,591.0
5772897,699.0
5772900,699.0
5772902,699.0
5772903,699.0
5772904,1390.0
5772905,1390.0
5772906,1390.0
5772909,1390.0
5772910,1390.0
5772911,2167.0
5772912,2167.0
5772913,2167.0
5772914,2167.0
5772917,2167.0
5772918,2167.0
5772919,2533.0
5772920,2533.0
5777210,591.0
5777211,591.0
5777217,699.0
5777220,699.0
5777222,699.0
5777223,699.0
5777224,1390.0
5777225,1390.0
5777226,1390.0
5777228,1390.0
5777229,1390.0
5777230,1390.0
5777231,2167.0
5777233,2167.0
5777234,2167.0
5777237,2167.0
5777238,2167.0
5777239,2533.0
5781530,591.0
5781531,591.0
5781532,591.0
5781537,699.0
5781541,699.0
5781542,699.0
5781543,699.0
5781544,1390.0
5781545,1390.0
5781548,1390.0
5781549,1390.0
5781550,1390.0
5781553,2167.0
5781554,2167.0
5781555,2167.0
5781557,2167.0
5781558,2167.0
5781559,2533.0
5781560,2533.0
5785850,591.0
5785852,591.0
5785861,699.0
5785862,699.0
5785863,699.0
5785864,1390.0
5785869,1390.0
5785870,1390.0
5785873,2167.0
5785874,2167.0
5785875,2167.0
5785876,2167.0
5785877,2167.0
5785878,2167.0
5785879,2533.0
5785880,2533.0
5785881,2533.0
5785882,2533.0
5785884,2533.0
5790165,128.0
5790170,591.0
5790173,591.0
5790176,699.0
5790181,699.0
5790182,699.0
5790183,699.0
5790184,1390.0
5790188,1390.0
5790189,1390.0
5790190,1390.0
5790191,2167.0
5790192,2167.0
5790193,2167.0
5790194,2167.0
5790195,2167.0
5790196,2167.0
5790197,2167.0
5790198,2167.0
5790199,2533.0
5790200,2533.0
5790201,2533.0
5790202,2533.0
5794487,242.0
5794488,242.0
5794492,387.0
5794501,589.0
5794502,589.0
5794503,589.0
5794504,1768.0
5794508,1768.0
5794509,1768.0
5794510,1768.0
5794511,2226.0
5794512,2226.0
5794513,2226.0
5794514,2226.0
5794515,2226.0
5794516,2226.0
5794517,2226.0
5794518,2226.0
5794519,2575.0
5794520,2575.0
5794521,2575.0
5794522,2575.0
5798807,242.0
5798808,242.0
5798809,387.0
5798810,387.0
5798811,387.0
5798812,387.0
5798813,387.0
5798814,387.0
5798820,589.0
5798821,589.0
5798822,589.0
5798823,589.0
5798824,1768.0
5798829,1768.0
5798830,1768.0
5798832,2226.0
5798833,2226.0
5798834,2226.0
5798835,2226.0
5798836,2226.0
5798837,2226.0
5798838,2226.0
5798839,2575.0
5798840,2575.0
5798841,2575.0
5798842,2575.0
5798843,2575.0
5803124,242.0
5803129,387.0
5803130,387.0
5803131,387.0
5803132,387.0
5803133,387.0
5803134,387.0
5803135,387.0
5803140,589.0
5803141,589.0
5803142,589.0
5803143,589.0
5803144,1768.0
5803149,1768.0
5803150,1768.0
5803152,2226.0
5803153,2226.0
5803154,2226.0
5803155,2226.0
5803156,2226.0
5803157,2226.0
5803158,2226.0
5803159,2575.0
5803160,2575.0
5803161,2575.0
5803162,2575.0
5807450,387.0
5807451,387.0
5807452,387.0
5807453,387.0
5807454,387.0
5807455,387.0
5807456,589.0
5807457,589.0
5807469,1768.0
5807470,1768.0
5807472,2226.0
5816066,4.0
5816111,2226.0
5820430,2185.0
5824746,2185.0
5824747,2185.0
5824748,2185.0
5824750,2185.0
5829025,133.0
5829066,2185.0
5829067,2185.0
5829068,2185.0
5829069,2185.0
5833387,2185.0
5837707,2185.0
5837708,2185.0
5842027,2185.0
5842028,2185.0
5846348,2436.0
